title,year,endYear,movie_id
100 Days My Prince,2018,2018,8199972
12 Signs of Love,2012,2012,
12 Years Promise,2014,2014,5476252
18 Again,2020,2020,12846096
365: Repeat the Year,2020,2020,12015466
4 Legendary Witches,2014,2015,
49 Days,2011,2011,1935066
5th Republic,2005,2005,
7 First Kisses,2016,2017,6353134
7th Grade Civil Servant,2013,2013,3061226
"90 Days, Time to Love",2006,2007,
A Beautiful Mind,2016,2016,"12597746,16252662"
A Bird That Doesn't Sing,2015,2015,
A Daughter Just Like You,2015,2015,4950552
A Gentleman's Dignity,2012,2012,2362760
A Girl Who Sees Smells,2015,2015,
A Happy  Woman,2007,2007,5621162
A Hundred Year Legacy,2013,2013,
A Korean Odyssey,2017,2018,7099334
A Little Love Never Hurts,2013,2014,
A Love So Beautiful,2020,2021,13642264
A Love to Kill,2005,2005,0499280
A Man Called God,2010,2010,2060590
A Model Family,2022,2022,21289712
A New Leaf,2014,2014,3715110
A Piece of Your Mind,2020,2020,11505790
A Place in the Sun,2019,2019,10350606
A Pledge to God,2018,2019,9257510
A Poem a Day,2018,2018,8078744
A Superior Day,2022,2022,18777280
A Tale of Two Sisters,2013,2013,8421778
A Thousand Days' Promise,2011,2011,2262521
A Thousand Kisses,2011,2012,5619630
A Time Called You,2023,2023,21627438
A Witch's Love,2014,2014,3718908
A-Teen,2018,2018,9861132
A-Teen 2,2019,2019,"11955552,11959084"
About Time,2018,2018,8083832
Abyss,2019,2019,10055734
Ad Genius Lee Tae-baek,2013,2013,"3541250,15506152"
Adamas,2022,2022,21195588
Adult Trainee,2021,2021,16383322
"Aeja's Older Sister, Minja",2008,2008,
Aftermath,2014,2014,1564368
Again My Life,2022,2022,15580450
Age of Innocence,2002,2002,19383462
Age of Warriors,2003,2004,0481653
Air City,2007,2007,1672137
Alchemy of Souls,2022,2022,20859920
Alice,2020,2020,"10795658,12398140"
All About Eve,2000,2000,0313028
All About My Mom,2015,2016,5321300
All About My Romance,2013,2013,3392010
All In,2003,2003,
All My Love For You,2010,2011,
All of Us Are Dead,2022,2022,14169960
Alone in Love,2006,2006,0843239
Amanza,2020,2020,12994186
Amor Fati,2021,2021,14894140
Andante,2017,2018,6415220
Ang Shim Jung,2010,2011,
Angel Eyes,2014,2014,3681890
Angel's Choice,2012,2012,
Angel's Last Mission: Love,2019,2019,10160592
Angel's Revenge,2014,2014,3541074
Angry Mom,2015,2015,4535826
Anna,2022,2022,21146902
Another Miss Oh,2016,2016,5679572
Another Peaceful Day of Second-Hand Items,2020,2020,
Apgujeong Midnight Sun,2014,2015,5670870
April Kiss,2004,2004,7475750
Arang and the Magistrate,2012,2012,
Are You Human?,2018,2018,"7817966,16280356,17108192,17718452"
Argon,2017,2017,7094798
Arthdal Chronicles,2019,2019,8750956
Artificial City,2021,2021,
Ask the Stars,2023,2023,
Asphalt Man,1995,1995,
Assembly,2015,2015,5120804
Assorted Gems,2009,2010,2035741
At Eighteen,2019,2019,"10474124,10761346"
"At a Distance, Spring Is Green",2021,2021,14518430
Athena: Goddess of War,2010,2011,1942171
Autumn Shower,2005,2005,5621814
Avengers Social Club,2017,2017,7375028
Awaken,2020,2021,13273550
Babel,2019,2019,9467014
Baby Faced Beauty,2011,2011,3590610
Babysitter,2016,2016,
Bachelor's Vegetable Store,2011,2012,6385836
Backstreet Rookie,2020,2020,12516712
Bad and Crazy,2021,2021,15146202
Bad Family,2006,2006,1461527
Bad Guy,2010,2010,
Bad Guys,2014,2014,3914520
Bad Guys 2,2017,2018,12404980
Bad Housewife,2005,2005,1183174
Bad Papa,2018,2018,8907470
Bad Prosecutor,2022,2022,22353836
"Bad Thief, Good Thief",2017,2017,6672568
"Bad Woman, Good Woman",2007,2007,
Ballad of Seodong,2005,2006,
Band of Sisters,2017,2017,6788732
Banjun Drama,2004,2006,
Basketball,2013,2013,
Be Melodramatic,2019,2019,"10559276,11765340"
Be My Dream Family,2021,2021,22055986
Be Positive,2016,2016,
"Be Strong, Geum-soon!",2005,2005,9165876
Beating Again,2015,2015,
Beating Heart,2005,2005,2439644
Beautiful Days,2001,2001,0324685
Beautiful Gong Shim,2016,2016,5705896
"Beautiful Love, Wonderful Life",2019,2020,11133556
Beautiful World,2019,2019,9863724
Because This Is My First Life,2017,2017,"7278588,7611220"
Because This Is My First Twenty,2018,2018,
Becky's Back,2016,2016,
Becoming a Billionaire,2010,2010,15360196
Becoming Witch,2022,2022,20916926
Beethoven Virus,2008,2008,1690398
Behind the White Tower,2007,2007,6357280
Bel Ami,2013,2014,
Best Chicken,2019,2019,9426382
Beyond Evil,2021,2021,
Beyond the Clouds,2014,2014,3580162
Big,2012,2012,
Big Issue,2019,2019,"9772798,10101808"
Big Man,2014,2014,3715044
Big Mouth,2022,2022,21195490
Big Thing,2010,2010,"3406906,7513036"
"Billie Jean, Look at Me",2006,2007,
Birdie Buddy,2011,2011,2424754
Birth of a Beauty,2014,2015,4269776
Birthcare Center,2020,2020,13162516
Birthday Letter,2019,2019,15831086
Bitter Sweet Life,2008,2008,
Bizarre Bunch,2005,2006,
Black,2017,2017,7441658
Black Dog: Being A Teacher,2020,2020,
Black Knight,2022,2022,
Black Knight: The Man Who Guards Me,2017,2018,
Blade Man,2014,2014,4016612
Blessing of the Sea,2019,2019,9632426
Blind,2022,2022,21631058
Blood,2015,2015,
Blooded Palace: The War of Flowers,2013,2013,
Bloody Heart,2022,2022,19887704
Bloody Romance,2022,2022,
Blossom Sisters,2010,2010,
Blow Breeze,2016,2017,5987734
Blue Birthday,2021,2021,14927114
Bodyguard,2003,2003,
Born Again,2020,2020,"12015636,11857910"
Bossam: Steal the Fate,2021,2021,13928294
Boys Over Flowers,2009,2009,1370334
Brain,2011,2012,2078690
Bravo My Life,2017,2018,7524492
"Bravo, My Life",2022,2022,
"Bravo, My Love!",2011,2012,
"Bread, Love and Dreams",2010,2010,
Bridal Mask,2012,2012,3139942
Bride of the Century,2014,2014,3726584
Bride of the Sun,2011,2012,
Brilliant Heritage,2020,2020,12179496
Brilliant Legacy,2009,2009,
"Bring It On, Ghost",2016,2016,5768840
Bubble Gum,2015,2015,
Bubbly Lovely,2016,2017,"17497910,17497910,20561500"
Bulgasal: Immortal Souls,2021,2022,14691616
Business Proposal,2022,2022,
Cain and Abel,2009,2009,3147968
Café Minamdang,2022,2022,21049186
Call My Agent!,2022,2022,18926830
"Can We Fall in Love, Again?",2014,2014,
Can We Get Married?,2012,2013,3247224
Can't Lose,2011,2011,6444438
Can't Stand Anymore,2013,2014,
Capital Scandal,2007,2007,3211098
Casino,2022,2022,17329616
Catch the Ghost,2019,2019,10712926
Cats on the Roof,2003,2003,
Celebrity,2022,2022,"21861638,20723644"
Cheat on Me If You Can,2020,2021,13092070
Cheer Up,2022,2022,22789182
Cheer Up!,2015,2015,
"Cheer Up, Mr. Kim!",2012,2013,21604510
Cheese in the Trap,2016,2016,4741110
Cheongdam-dong Alice,2012,2013,2700064
Cheongdam-dong Scandal,2014,2015,
Cheo Yong,2014,2014,3186614
Chicago Typewriter,2017,2017,6516076
Chicken Nugget,2023,2023,8337264
Chief of Staff,2019,2019,10220476
Children of a Lesser God,2018,2018,7920000
Children of Nobody,2018,2019,9146046
Children of the 20th Century,2017,2017,
Chimera,2021,2021,15616218
Chip In,2020,2020,12516638
Choco Bank,2016,2016,6284006
Chocolate,2019,2020,11214028
Chunja's Special Day,2008,2008,
Cinderella Man,2009,2009,2273915
Cinderella with Four Knights,2016,2016,
Cinderella's Stepsister,2010,2010,
Circle,2017,2017,"4649466,4287320"
City Hunter,2011,2011,1982229
City of the Sun,2015,2015,
Class of Lies,2019,2019,10467640
Clean with Passion for Now,2018,2019,
Cleaning Up,2022,2022,20833440
Cloud Stairs,2006,2006,
Coffee House,2010,2010,2242094
Coffee Prince,2007,2007,1772685
"Coffee, Do Me a Favor",2018,2018,
Color Rush,2020,2021,13743822
Coma,2006,2006,
Come and Hug Me,2018,2018,8269398
Come Back Mister,2016,2016,5497708
Confession,2019,2019,"9131050,11307176"
Connect,2023,2023,
Conspiracy in the Court,2007,2007,6385912
"Cool Guys, Hot Ramen",2011,2011,
Couple or Trouble,2006,2006,
Crash Landing on You,2019,2020,10850932
Crazy Love,2013,2013,18550036
Crazy Love,2022,2022,18552024
Creating Destiny,2009,2010,"2120917,1532960,1527497"
Criminal Minds,2017,2017,6568694
Cross,2018,2018,6461824
Cruel Love,2007,2008,
Cunning Single Lady,2014,2014,3566838
Curtain Call,2022,2022,"22892112,16691754,22265944,19402238"
D-Day,2015,2015,5145142
D.P.,2021,2021,13024974
Dae Jang Geum,2003,2004,0409546
Dae Jang Geum Is Watching,2018,2019,8991586
Dae Jo-yeong,2006,2007,2819282
Daemyeong,1981,1981,
Dal-ja's Spring,2007,2007,2690738
Dali and Cocky Prince,2021,2021,14730768
Damo,2003,2003,"0477496,0886682"
Dangerous Woman,2011,2012,23033804
Daring Women,2010,2010,"1598760,12832016,12832016"
Dark Hole,2021,2021,13885376
Dating Agency: Cyrano,2013,2013,2828696
Daughters-in-Law,2007,2008,
Dear Archimedes,2019,2019,
Dear Heaven,2005,2006,
Dear My Friends,2016,2016,"5689030,6265644"
Dear X Who Doesn't Love Me,2022,2022,21054064
Dear. M,2022,2022,13760386
Deep Rooted Tree,2011,2011,2221405
Definitely Neighbors,2010,2010,6268144
Delayed Justice,2020,2021,13269814
Delicious Proposal,2001,2001,6289582
Delivery,2021,2021,
Descendants of the Sun,2016,2016,4925000
Designated Survivor: 60 Days,2019,2019,10405394
Detectives in Trouble,2011,2011,15502906
Devilish Charm,2018,2018,
Diary of a Night Watchman,2014,2014,3922408
Diary of a Prosecutor,2019,2020,11239316
Did We Really Love?,1999,1999,
Different Dreams,2019,2019,10055748
Dinner Mate,2020,2020,12415644
Discovery of Love,2014,2014,4128654
Distorted,2017,2017,4887224
Divorce Lawyer in Love,2015,2015,4696140
Do Do Sol Sol La La Sol,2020,2020,"12850262,13003660,13247444"
Do You Like Brahms?,2020,2020,12867750
Doctor Detective,2019,2019,10473780
Doctor Doctor,2000,2000,0241383
Doctor John,2019,2019,10544464
Doctor Lawyer,2022,2022,20854190
Doctor Prisoner,2019,2019,9863766
Doctor Stranger,2014,2014,3693414
Dokgo Rewind,2018,2018,14134794
Dong Yi,2010,2010,1666209
Don't Cry My Love,2008,2009,
Don't Dare to Dream,2016,2016,5936884
Don't Hesitate,2009,2010,5516034
Don't Look Back: The Legend of Orpheus,2013,2013,2932820
Doom at Your Service,2021,2021,13669128
Drama City: What Should I Do?,2004,2004,3107676
Drama City: What Should I Do?,2004,2004,3107676
Just an Ordinary Love Story,2012,2012,
Puberty Medley,2013,2013,
"Rock, Rock, Rock",2010,2010,
White Christmas,2011,2011,2441808
Don't Announce Your Husband's Death,2022,2022,
Find the 1st Prize,2022,2022,
The Apartment Is Beautiful,2022,2022,
Dream,2009,2009,
Dream High,2011,2011,1996607
Dream High 2,2012,2012,
Dream of the Emperor,2012,2013,
Drinking Solo,2016,2016,5950452
Dr. Brain,2021,2021,15758760
Dr. Champ,2010,2010,2462572
Dr. Frost,2014,2015,
Dr. Ian,2015,2015,
Dr. Jin,2012,2012,2426396
Dr. Kkang,2006,2006,
Dr. Park's Clinic,2022,2022,16970738
Dr. Romantic,2016,2020,6157190
Duel,2017,2017,6917250
Dummy Mommy,2012,2012,
East of Eden,2008,2009,1361356
Eccentric! Chef Moon,2020,2020,12226766
"Eight Days, Assassination Attempts against King Jeongjo",2007,2007,
"Eighteen, Twenty-Nine",2005,2005,
Emergency Couple,2014,2014,"3530644,4215764"
Emperor of the Sea,2004,2005,2061110
Empire of Gold,2013,2013,3364758
Empress Cheonchu,2009,2009,
Empress Ki,2013,2014,3322566
Empress Myeongseong,2001,2002,2288116
Enchanting Neighbor,2015,2015,4934240
Encounter,2018,2019,"8769260,6613952"
Endless Love,2014,2014,"2318092,5196024"
Autumn in My Heart,2000,2000,0294592
Spring Waltz,2006,2006,0810507
Summer Scent,2003,2003,0464627
Winter Sonata,2002,2002,0395057
Enemies from the Past,2017,2018,7904948
Entertainer,2016,2016,5637210
Entourage,2016,2016,5849698
Erexion,2006,2006,
Eve,2022,2022,20723826
Evergreen,2018,2018,9033634
Everybody Say Kimchi,2014,2014,
Exit,2018,2018,6285672
Exo Next Door,2015,2015,4775200
Extracurricular,2020,2020,10262630
Extraordinary Attorney Woo,2022,2022,"20869502,21167784"
Extraordinary You,2019,2019,10826102
Ex-Girlfriends' Club,2015,2015,4686328
Eyes of Dawn,1991,1992,3510914
Faith,2012,2012,"2373094,2371824"
Falling for Challenge,2015,2015,6289578
Familiar Wife,2018,2018,8487786
Family,2012,2013,
Family Secret,2014,2015,
Family's Honor,2008,2009,1688124
Fantastic,2016,2016,"3183660,3553976,4560008"
Fashion 70s,2005,2005,
Fashion King,2012,2012,"2305397,2471838"
Fatal Promise,2020,2020,
Fates & Furies,2018,2019,
"Father, I'll Take Care of You",2016,2017,6234380
Father's House,2009,2009,
Feast of the Gods,2012,2012,3216592
Feel Good to Die,2018,2018,
Fight for My Way,2017,2017,6824234
Find Me in Your Memory,2020,2020,11885790
Fireworks,2000,2000,0845439
Fireworks,2006,2006,0845439
First Lady,2023,2023,
First Love,1996,1997,
First Love Again,2016,2017,6444736
First Love of a Royal Prince,2004,2004,0966113
First Wives' Club,2007,2008,
Five Enough,2016,2016,"15578100,17497714,17497742,17498764,17498764,17498764"
Five Fingers,2012,2012,2242048
Flames of Desire,2010,2011,6201346
Flower Band,2012,2012,"2942950,2304041"
Flower Crew: Joseon Marriage Agency,2019,2019,10614024
Flower Grandpa Investigation Unit,2014,2014,
Flower of Evil,2020,2020,11691684
Flower of Queen,2015,2015,
Flower of Revenge,2013,2013,
Flower Scholars' Love Story,2023,2023,
Flowers of the Prison,2016,2016,
Fly High Butterfly,2022,2022,
Forbidden Love,2004,2004,0434737
Forecasting Love and Weather,2022,2022,15140592
Forest,2020,2020,8006374
Forever Young,2015,2015,4819470
Foundation of the Kingdom,1983,1983,
Four Sisters,2001,2001,
"Freedom Fighter, Lee Hoe-young",2010,2010,
Freeze,2006,2006,
"Friend, Our Legend",2009,2009,6354758
Friends,2002,2002,
"From Now On, Showtime!",2022,2022,19848464
Full House,2004,2004,0464625
Full House Take 2,2012,2012,
Gangnam Beauty,2018,2018,"8585954,8912344"
Gangnam Scandal,2018,2019,9376922
Gap-dong,2014,2014,3633394
Gaus Electronics,2022,2022,22873700
Get Karl! Oh Soo-jung,2007,2007,7516436
Get Revenge,2020,2021,13400034
Get Up,2008,2008,
Ghost Doctor,2022,2022,"16493854,18257396,21520826"
Giant,2010,2010,
Girls' Generation 1979,2017,2017,7278498
Glamorous Temptation,2015,2016,5129048
Glass Castle,2008,2009,
Glass Mask,2012,2013,3541356
Glass Slippers,2002,2002,3532844
Glitch,2022,2022,"14735382,13351606,15518878"
Gloria,2010,2011,
Glorious Day,2014,2014,5145650
Glory Jane,2011,2011,3364908
Go Back,2017,2017,"7418578,4828940,6841614"
God of War,2012,2012,
Goddess of Fire,2013,2013,3180386
Goddess of Marriage,2013,2013,3116358
God's Gift: 14 Days,2014,2014,3580170
"Gogh, The Starry Night",2016,2016,6058390
Gold Mask,2022,2022,
Golden Apple,2005,2006,0485218
Golden Bride,2007,2008,
Golden Cross,2014,2014,3681872
Golden Fish,2010,2010,5699298
Golden House,2010,2010,
Golden Pouch,2016,2017,6413376
Golden Rainbow,2013,2014,
Golden Time,2012,2012,2474948
Good Casting,2020,2020,10584436
Good Doctor,2013,2013,3184708
Good Job,2022,2022,22247864
"Good Job, Good Job",2009,2009,6270334
Good Manager,2017,2017,6352982
Goodbye Dear Wife,2012,2012,2508520
Goodbye Mr. Black,2016,2016,5546346
Goodbye My Love,1999,1999,
Goodbye Solo,2006,2006,0843194
Goodbye to Goodbye,2018,2018,8409646
Gourmet,2008,2008,
Graceful Family,2019,2019,10815362
Graceful Friends,2020,2020,12531492
Gracious Revenge,2019,2020,11133628
Grand Prince,2018,2018,7923624
Great Inheritance,2006,2006,9165770
Green Mothers' Club,2022,2022,15060900
Green Rose,2005,2005,0866597
Grid,2022,2022,
Grudge: The Revolt of Gumiho,2010,2010,15360330
Gu Family Book,2013,2013,2816734
Guardian Angel,2001,2001,
Guardian: The Lonely and Great God,2016,2017,5994364
Gunman in Joseon,2014,2014,3836378
"Gwanggaeto, The Great Conqueror",2011,2012,"4310982,15503062"
Gyebaek,2011,2011,
H.I.T,2007,2007,6283686
Haechi,2019,2019,9467164
Happiness,2021,2021,14979052
Happiness in the Wind,2010,2010,
Happy Ending,2012,2012,2311579
Happy Home,2016,2016,5347176
Happy Sisters,2017,2018,7795286
Happy Together,1999,1999,1113186
He Is Psychometric,2019,2019,9696162
He Who Can't Marry,2009,2009,15360012
Heading to the Ground,2009,2009,
Healer,2014,2015,4284216
Heard It Through the Grapevine,2015,2015,4507456
Heart Surgeons,2018,2018,8992866
Heart to Heart,2015,2015,
Heartless City,2013,2013,3089614
Hearts of Nineteen,2006,2007,18232852
Heartstrings,2011,2011,
Heaven & Earth,2007,2007,
Hell Is Other People,2019,2019,"10613844,10699580"
Hellbound,2021,2021,
Hello Franceska,2005,2006,0460364
Hello Monster,2015,2015,4803738
Hello My Teacher,2005,2005,2401365
"Hello, Me!",2021,2021,13670090
Hello! Miss,2007,2007,5145026
"Hello, My Twenties!",2016,2017,
Her Private Life,2019,2019,9899340
Here Comes Mr. Oh,2012,2013,5618336
Here's My Plan,2021,2021,14461244
Hero,2009,2010,
"Hi Bye, Mama!",2020,2020,11804034
Hi! School: Love On,2014,2014,
Hidden Identity,2015,2015,"4871736,4780416"
Hide and Seek,2018,2018,8575408
High Class,2021,2021,14596714
High End Crush,2015,2016,6096696
High Kick Through the Roof,2009,2010,
High Kick!,2006,2007,2309828
High Kick: Revenge of the Short Legged,2011,2012,
High School King of Savvy,2014,2014,3798374
High Society,2015,2015,4768948
History of a Salaryman,2012,2012,
Hit the Top,2017,2017,17518792
Hogu's Love,2015,2015,
Hold Me Tight,2018,2018,
Hold My Hand,2013,2014,5614978
Home for Summer,2019,2019,10160560
Home Sweet Home,2010,2010,
Homemade Love Story,2020,2021,16441070
Hometown,2021,2021,14687370
Hometown Cha-Cha-Cha,2021,2021,14518756
Hong Gil-dong,2008,2008,2511504
Hong Kong Express,2005,2005,"0448218,16166654"
Hospital Playlist,2020,2021,11769304
Hospital Ship,2017,2017,7074992
Hot Blood,2009,2009,5120680
Hot Stove League,2019,2020,17532284
Hotel del Luna,2019,2019,"10220588,10573398"
Hotel King,2014,2014,3737080
Hotelier,2001,2001,0431528
House of Bluebird,2015,2015,
How Are U Bread,2020,2020,
How Long I've Kissed,2012,2012,
How to Be Thirty,2021,2021,
How to Buy a Friend,2020,2020,13860124
How to Meet a Perfect Neighbor,2007,2007,8219202
How Should I Be,2002,2002,
Hur Jun,1999,2000,4369130
"Hur Jun, The Original Story",2013,2013,
Hush,2020,2021,13273670
Hwang Jini,2006,2006,
Hwarang: The Poet Warrior Youth,2016,2017,5646594
"Hyde Jekyll, Me",2015,2015,4357294
Hyena,2020,2020,"11534164,12944144"
I Am Legend,2010,2010,5145090
I Am Sam,2007,2007,"6289532,1771847"
I Am the Mother Too,2018,2018,
I Can Hear Your Voice,2013,2013,
"I Do, I Do",2012,2012,
I Don't Want to Do Anything,2022,2022,
I Have a Lover,2015,2016,5125222
I Love Lee Taly,2012,2013,
I Need Romance,2011,2011,3340752
I Need Romance 2012,2012,2012,9048820
I Need Romance 3,2014,2014,9060294
I Order You,2015,2015,6286352
I Picked Up a Celebrity on the Street,2018,2018,
I Wanna Hear Your Song,2019,2019,10449370
I'm After You,2015,2015,
I'm Not a Robot,2017,2018,7521778
"I'm Sorry, But I Love You",2016,2017,
"I'm Sorry, I Love You",2004,2004,0468618
Ice Adonis,2012,2012,5504332
Ice Girl,2005,2005,2928696
Idol Drama Operation Team,2017,2017,
Idol: The Coup,2021,2021,16236014
If Tomorrow Comes,2011,2012,18182438
If You Wish Upon Me,2022,2022,20600078
Iljimae,1993,1993,1622764
Iljimae,2008,2008,1622764
Imaginary Cat,2015,2016,5260106
Imitation,2021,2021,14371376
Immortal Admiral Yi Sun-sin,2004,2005,
In-soon Is Pretty,2007,2007,
Incarnation of Money,2013,2013,3528388
Innocent Defendant,2017,2017,
Insider,2022,2022,"10948716,21340412"
Inspector Koo,2021,2021,14731794
Inspiring Generation,2014,2014,3112622
"Insu, the Queen Mother",2011,2012,
Into the Flames,2014,2014,"3839790,3278572"
Introverted Boss,2017,2017,6257622
Invincible Lee Pyung Kang,2009,2009,5801150
Ireland,2004,2004,
Iris,2009,2009,1757202
Iris II: New Generation,2013,2013,
Island,2022,2022,"15218000,22180926"
Itaewon Class,2020,2020,11239552
Item,2019,2019,9278396
It's Beautiful Now,2022,2022,19381194
It's Dangerous Beyond the Blankets,2018,2018,
It's My Life,2018,2019,9165716
It's Okay to Not Be Okay,2020,2020,12451520
"It's Okay, Daddy's Girl",2010,2011,
"It's Okay, That's Love",2014,2014,4031224
Ja Myung Go,2009,2009,3364894
Jang Bo-ri Is Here!,2014,2014,3727450
"Jang Ok-jung, Living by Love",2013,2013,3143308
Jang Yeong-sil,2016,2016,5321584
Jejungwon,2010,2010,
Jeon Woo-chi,2012,2013,3364950
Jeong Do-jeon,2014,2014,5133042
Ji Woon-soo's Stroke of Luck,2012,2012,16604420
Jikji,2005,2005,
Jinxed at First,2022,2022,21081006
Jirisan,2021,2021,13400300
Jolly Widows,2009,2010,
Joseon Exorcist,2021,2021,13634332
Joseon Survival Period,2019,2019,
Joseon X-Files,2010,2010,2146531
Hello Dracula,2020,2020,12759646
Hello Dracula,2020,2020,12759646
Judge vs. Judge,2017,2018,"7608128,16610796"
Jugglers,2017,2018,7682996
Jumong,2006,2007,0978061
Jump,1999,1999,
Jungle Fish,2008,2008,6289274
Jungle Fish 2,2010,2010,3215082
Junwoo,1975,1978,
Just Dance,2018,2018,9214558
Justice,2019,2019,9095260
Juvenile Justice,2022,2022,15553922
Kairos,2020,2020,"12874950,11347158,5867808"
Cutting Off the Heart,2010,2010,9019148
Do You Know Taekwondo?,2012,2012,9019718
I'm Dying Soon,2014,2014,9019918
If We Were a Season,2017,2017,9020082
My Prettiest Moments,2012,2012,
Pianist,2010,2010,
Pinocchio's Nose,2016,2016,6381594
Reason,2010,2010,1601215
Review Notebook of My Embarrassing Days,2018,2018,
The Memory in My Old Wallet,2013,2013,8705770
A Sea of Her Own,2017,2017,
Dal Soon's Spring,2017,2018,7713572
Dear My Sister,2011,2012,5699318
Eunhui,2013,2014,5688584
In Still Green Days,2015,2015,5688586
Land of Gold,2014,2014,
"Love, My Love",2012,2013,
My Mind's Flower Rain,2016,2016,
Samsaengi,2013,2013,
Single-minded Dandelion,2014,2015,
Sunok,2006,2006,
That Sun in the Sky,2016,2017,7088130
The Stars Are Shining,2015,2016,5588016
Through the Waves,2018,2018,18078356
Kill Heel,2022,2022,19796732
Kill It,2019,2019,9772814
"Kill Me, Heal Me",2015,2015,4339192
Kim Is a Genius,2019,2019,
"Kim Su-ro, The Iron King",2010,2010,
Kimcheed Radish Cubes,2007,2008,
Kimchi Cheese Smile,2007,2008,
Kimchi Family,2011,2012,
King of Ambition,2013,2013,
King the Land,2023,2023,20754384
Kingdom,2019,2023,6611916
Kingmaker: The Change of Destiny,2020,2020,12343602
Kiss Sixth Sense,2022,2022,20235634
Kkondae Intern,2020,2020,12511316
Korean Peninsula,2012,2012,3750492
L.U.C.A.: The Beginning,2021,2021,13752928
Lady Cha Dal-rae's Lover,2018,2019,9051784
Land of Wine,2003,2003,19161350
Last,2015,2015,"4179452,3230454"
Last Scandal,2008,2008,1301892
Late Night Restaurant,2015,2015,6209462
Law School,2021,2021,
Lawless Lawyer,2018,2018,8160178
Lawyers,2005,2005,
"Lee San, Wind of the Palace",2007,2008,1676673
Left-Handed Wife,2019,2019,9569338
Legal High,2019,2019,9537270
Legend of Hyang Dan,2007,2007,6428474
Legend of the Patriots,2010,2010,
Less Than Evil,2018,2019,9143820
Let Me Be Your Knight,2021,2021,15729630
Let Me Introduce Her,2018,2018,8594184
Let's Eat,2013,2014,3385484
Let's Eat 2,2015,2015,
Let's Eat 3,2018,2018,
Level Up,2019,2019,"10333500,7476714"
Leverage,2019,2019,"11018496,10097536,10471480"
Liar Game,2014,2014,4073180
Lie After Lie,2020,2020,"12336386,13206330,13266596,13345508,13367414,13385814,16443936"
Lie to Me,2011,2011,"2373743,2106520"
Life,2018,2018,4827558
Life Is Beautiful,2010,2010,2290116
Life on Mars,2018,2018,"8236544,13614356"
Lights and Shadows,2011,2012,6191848
Light on Me,2021,2021,14837532
Likeable or Not,2007,2008,13707526
Line Romance,2014,2014,10777780
"Link: Eat, Love, Kill",2022,2022,20869584
Listen to Love,2016,2016,22539648
Listen to My Heart,2011,2011,
Little Women,2022,2022,"21828868,18926984,7061408,16740010"
Live,2018,2018,
Live On,2020,2021,13273946
Live Up to Your Name,2017,2017,7094874
Liver or Die,2019,2019,
Living Among the Rich,2011,2012,
Living in Style,2011,2012,6286338
Lobbyist,2007,2007,"1367979,1622130"
Local Hero,2016,2016,5243942
Look Back in Anger,2000,2000,4416024
Loss Time Life,2019,2019,10449402
Lost,2021,2021,9100054
Love & Secret,2014,2015,
Love Again,2012,2012,
Love Alarm,2019,2021,9145880
Love Alert,2018,2018,
Love All Play,2022,2022,"19851552,15202816,21955840,22089090"
Love and Obsession,2009,2010,
Love Can't Wait,2006,2006,
Love for a Thousand More,2016,2016,12304304
Love in 3 Colors,1999,1999,
Love in Contract,2022,2022,22189294
Love in Her Bag,2013,2013,
Love in Sadness,2019,2019,9829586
Love in the Moonlight,2016,2016,15578708
Love Is for Suckers,2022,2022,22523300
Love Letter,2003,2003,
Love Me When You Can,2006,2007,
Love on a Rooftop,2015,2015,5672436
Love Playlist,2017,2019,
Love Rain,2012,2012,2286707
Love Returns,2017,2018,7713776
Love Revolution,2020,2020,14136390
Love Scene Number,2021,2021,13927228
Love Story in Harvard,2004,2005,0439392
Love to Hate You,2022,2022,
Love to the End,2018,2018,"8846404,10395010,17422536"
Love Truly,2006,2006,
Love Twist,2021,2022,"16432936,15522136"
Love with Flaws,2019,2020,11227980
Loveholic,2005,2005,
Lovely Horribly,2018,2018,8628658
Lovers,2006,2007,
Lovers in Bloom,2017,2017,7088070
Lovers in Paris,2004,2004,
Lovers in Prague,2005,2005,1789438
Lovers of Haeundae,2012,2012,
Lovers of Music,2014,2014,
Lovers of the Red Sky,2021,2021,13776460
Lovestruck in the City,2020,2021,"13394544,13557174"
Loving You a Thousand Times,2009,2010,5217020
Lucky Romance,2016,2016,5646500
Ma Boy,2012,2012,3385436
Mackerel Run,2007,2007,4193068
Mad Dog,2017,2017,7396412
Mad for Each Other (2021),2021,2021,
Madame Antoine: The Love Therapist,2016,2016,
Magic Cellphone,2016,2016,7162434
Magic Kid Masuri,2002,2004,
Make a Woman Cry,2015,2015,4999822
Make Your Wish,2014,2015,7508002
Mama,2014,2014,
Man from the Equator,2012,2012,
Man in a Veil,2020,2021,
Man in the Kitchen,2017,2018,"7776752,7434404"
Man to Man,2017,2017,6032762
Man Who Dies to Live,2017,2017,7075142
Manhole,2017,2017,7094904
Manny,2011,2011,
Marriage Contract,2016,2016,5525778
"Marriage, Not Dating",2014,2014,4215538
Marry Him If You Dare,2013,2013,3357418
Marry Me Now,2018,2018,8066184
"Marry Me, Mary!",2010,2010,
Marrying a Millionaire,2005,2006,8814226
Marrying My Daughter Twice,2016,2016,
Mask,2015,2015,"4148744,2433040"
Master of Study,2010,2010,"15360170,15360172"
Master's Sun,2013,2013,3184674
Matrimonial Chaos,2018,2018,8969998
May I Help You,2022,2022,22872644
May It Please the Court,2022,2022,22181096
May Queen,2012,2012,6286344
"Me Too, Flower!",2011,2011,3147984
Medical Top Team,2013,2013,3378278
Melancholia,2021,2021,15146242
Melody of Love,2013,2014,3673612
Meloholic,2017,2017,7521734
Melting Me Softly,2019,2019,"10656392,10880944"
Memories of the Alhambra,2018,2019,8236556
Memorials,2020,2020,"11385336,11885790"
Memorist,2020,2020,11953100
Memory,2016,2016,
Men Are Men,2020,2020,"5598868,12504168"
Mental Coach Jegal,2022,2022,23033870
Merry Mary,2007,2007,6283632
Midas,2011,2011,2623938
Military Prosecutor Doberman,2022,2022,
Mimi,2014,2014,3580208
Mina,2001,2001,0294725
Mine,2021,2021,14023192
Misaeng: Incomplete Life,2014,2014,
Miss Ajumma,2011,2011,
Miss Korea,2013,2014,3469014
Miss Lee,2019,2019,"10869308,14280886"
Miss Mamma Mia,2015,2015,
Miss Mermaid,2002,2003,4684808
Miss Monte-Cristo,2021,2021,
Miss Panda and Mr. Hedgehog,2012,2012,
Miss Ripley,2011,2011,2375000
Missing 9,2017,2017,6237588
Missing You,2012,2013,3215124
Missing: The Other Side,2020,2020,12867916
Mistress,2018,2018,9398710
Misty,2018,2018,7890244
Model,1997,1997,
Modern Farmer,2014,2014,4135572
Mom and Sister,2000,2001,
Mom Has an Affair,2020,2020,
Mom's Dead Upset,2008,2008,13729286
Money Flower,2017,2018,7521802
Money Game,2020,2020,11478544
Money Heist: Korea – Joint Economic Area,2022,2022,13696452
Monstar,2013,2013,3140006
Monster,2016,2016,2241351
Monstrous,2022,2022,
Monthly Magazine Home,2021,2021,13885272
Moon Embracing the Sun,2012,2012,"3143378,3244292,3244300"
Moon Lovers: Scarlet Heart Ryeo,2016,2016,5320412
Moonshine,2021,2022,"15201944,12325224,14190888"
Moorim School: Saga of the Brave,2016,2016,
More Than a Maid,2015,2015,
More Than Friends,2020,2020,"12879170,12824834,13751462,13551494,13475402"
Mother,2018,2018,
Mother of Mine,2019,2019,9894134
Mother's Garden,2014,2014,5605172
Mouse,2021,2021,13634792
Move to Heaven,2021,2021,11052470
Moving,2022,2022,"18396952,15488088"
Mr. Back,2014,2014,3694502
Mr. Duke,2000,2000,3835862
Mr. Queen,2020,2021,13400006
Mr. Sunshine,2018,2018,7094780
Mrs. Cop,2015,2015,5056742
Mrs. Cop 2,2016,2016,
Ms. Hammurabi,2018,2018,8090388
Ms. Kim's Million Dollar Quest,2004,2004,
"Ms. Ma, Nemesis",2018,2018,9064400
Ms. Perfect,2017,2017,6487756
Murder DIEary,2023,2023,
My 19 Year Old Sister-in-Law,2004,2004,
My Absolute Boyfriend,2019,2019,10183478
My Beautiful Bride,2015,2015,5057154
My Beloved Sister,2006,2007,6270702
My Bittersweet Life,2011,2011,
My Catman,2017,2017,
"My Contracted Husband, Mr. Oh",2018,2018,
My Country: The New Age,2019,2019,10850888
My Cute Guys,2013,2013,
My Dangerous Wife,2020,2020,13067258
My Daughter the Flower,2011,2012,
"My Daughter, Geum Sa-wol",2015,2016,5321144
My Dear Cat,2014,2014,3974670
My Fair Lady,2003,2003,2521774
My Fair Lady,2009,2009,2521774
My Fair Lady,2016,2017,2521774
My Fantastic Funeral,2015,2015,13159818
My Father Is Strange,2017,2017,
My Fellow Citizens!,2019,2019,9889066
My First First Love,2019,2019,8995604
My First Love,2018,2018,17518636
My First Time,2015,2015,"3400630,7015308,6113224"
My Girl,2005,2006,0805906
My Girlfriend Is a Gumiho,2010,2010,2255085
My Golden Life,2017,2018,7278550
My Healing Love,2018,2019,9090932
My Heart Twinkle Twinkle,2015,2015,5196080
My Holo Love,2020,2020,11058644
My Horrible Boss,2016,2016,
My Husband Got a Family,2012,2012,"15503528,15503632"
My Husband's Woman,2007,2007,2446894
My Kids Give Me a Headache,2012,2013,
"My Lawyer, Mr. Jo",2016,2016,
"My Lawyer, Mr. Jo 2: Crime and Punishment",2019,2019,
My Liberation Notes,2022,2022,
My Little Baby,2016,2016,5546516
My Love By My Side,2011,2011,5619698
My Love from the Star,2013,2014,
My Love Patzzi,2002,2002,
My Love Toram,2005,2005,10763204
My Lovely Girl,2014,2014,
My Lovely Sam Soon,2005,2005,0477524
"My Lover, Madame Butterfly",2012,2013,
My Mister,2018,2018,7923710
My Mother Is a Daughter-in-law,2015,2015,
My Name,2021,2021,12940504
My Only Love Song,2017,2017,6125832
My Only One,2018,2019,8884460
My Precious You,2008,2009,
My Princess,2011,2011,2375282
My Roommate Is a Gumiho,2021,2021,13777028
My Rosy Life,2005,2005,1301845
My Runway,2016,2016,6968336
My Sassy Girl,2017,2017,6175760
My Secret Hotel,2014,2014,4135276
My Secret Romance,2017,2017,6300100
My Secret Terrius,2018,2018,8591092
My Spring Days,2014,2014,3894602
My Strange Hero,2018,2019,
My Too Perfect Sons,2009,2009,15359522
My Unfamiliar Family,2020,2020,12458252
My Unfortunate Boyfriend,2015,2015,5679608
Mysterious Personal Shopper,2018,2018,8063138
Mystery 6,2006,2006,5217136
Mystic Pop-up Bar,2020,2020,12246190
Naeil's Cantabile,2014,2014,
Naked Fireman,2017,2017,6413646
Narco-Saints,2022,2022,14518692
Navillera,2021,2021,13885302
Never Twice,2019,2020,11180882
Nevertheless,2021,2021,14518284
New Heart,2007,2008,
New Tales of Gisaeng,2011,2011,2788196
Nice Witch,2018,2018,
Night Light,2016,2017,
Nine,2013,2013,2467372
No Matter What,2020,2021,16610178
"No, Thank You",2020,2021,12650390
"Noble, My Love",2015,2015,5929274
Nobody Knows,2020,2020,11910134
Nokdu Flower,2019,2019,10101380
Nonstop,2000,2006,0477526
"Now, We Are Breaking Up",2021,2021,14408016
OB & GY,2010,2010,
Oh Feel Young,2014,2014,
Oh My Baby,2020,2020,12324660
Oh My Ghost,2015,2015,4799574
Oh My Ladylord,2021,2021,13715346
Oh My Venus,2015,2016,5189944
Oh! My Lady,2010,2010,2324713
"Oh, the Mysterious",2017,2018,7608220
Ohlala Couple,2012,2012,15503590
Ojakgyo Family,2011,2012,
On Air,2008,2008,1295042
On the Verge of Insanity,2021,2021,14408332
On the Way to the Airport,2016,2016,6013404
Once Again,2020,2020,12182904
One Dollar Lawyer,2022,2022,22248254
One Fine Day,2006,2006,1504547
One Mom and Three Dads,2008,2008,2659290
One More Happy Ending,2016,2016,5445338
One More Time,2017,2017,6604894
One Ordinary Day,2021,2021,"14170016,15787186"
One Shot Scandal,2023,2023,
One Spring Night,2019,2019,10192576
One Sunny Day,2014,2015,10777760
One the Woman,2021,2021,15007114
One Warm Word,2013,2014,3381642
One Well-Raised Daughter,2013,2014,3385708
Only Because It's You,2012,2012,
Only Love,2014,2014,4616256
Only You,2005,2005,
Operation Proposal,2012,2012,3211128
Orange Marmalade,2015,2015,4612952
Our Beloved Summer,2021,2021,15026724
Our Blues,2022,2022,19115260
Our Gap-soon,2016,2017,5987792
Over the Rainbow,2006,2006,0978127
Pachinko,2022,2022,8888462
Padam Padam,2011,2012,2303867
Page Turner,2016,2016,"5602660,7510818,12429024"
Painter of the Wind,2008,2008,2288104
Papa,1996,1996,
Paradise Ranch,2011,2011,2315082
Partners for Justice,2018,2019,
Passionate Love,2013,2014,3183432
Pasta,2010,2010,2181460
Pegasus Market,2019,2019,10850864
Perfume,2019,2019,"11748354,10307796,8785512"
Persona,2019,2019,"10468596,10027990,10307522"
Personal Taste,2010,2010,1666217
Phantom,2012,2012,
Phoenix,2004,2004,0377062
Phoenix 2020,2020,2020,14433228
Piano,2001,2002,0254686
Pied Piper,2016,2016,5524626
Pink Lipstick,2010,2010,5122902
Pinocchio,2014,2015,4201628
Player,2018,2018,8912586
Playful Kiss,2010,2010,
"Please Come Back, Soon-ae",2006,2006,5620042
Please Don't Date Him,2020,2021,13394428
Plus Nine Boys,2014,2014,4135374
Police University,2021,2021,14518136
"Poong, the Joseon Psychiatrist",2022,2022,21423436
Poseidon,2011,2011,3543344
Possessed,2019,2019,
Potato Star 2013QR3,2013,2014,3385756
Pots of Gold,2013,2013,
Precious Family,2004,2005,6096994
Pride and Prejudice,2014,2015,"3775780,4284162"
Priest,2018,2019,9130526
Prime Minister & I,2013,2014,"3284102,8602378"
Prince Hours,2007,2007,
Princess Aurora,2013,2013,6133778
Princess Hours,2006,2006,0843195
Princess Lulu,2005,2005,0813742
Prison Playbook,2017,2018,7622902
Private Lives,2020,2020,12560270
Prosecutor Princess,2010,2010,1819921
Protect the Boss,2011,2011,2953920
Psychopath Diary,2019,2020,11133466
Punch,2014,2015,2825230
Pure Love,2013,2013,
Pure Pumpkin Flower,2010,2011,11525782
Que Sera Sera,2007,2007,3547168
Queen and I,2012,2012,21810966
Queen for Seven Days,2017,2017,
Queen of Housewives,2009,2009,7290522
Queen of Mystery,2017,2017,
Queen of Mystery 2,2018,2018,
Queen of Reversals,2010,2011,5145452
Queen Seondeok,2009,2009,1547606
Queen: Love and War,2019,2020,11377864
Quiz of God,2010,2019,
Racket Boys,2021,2021,14482414
Radiant Office,2017,2017,6464184
Radio Romance,2018,2018,7817942
Rain or Shine,2017,2018,
Reborn Rich,2022,2022,18352538
Record of Youth,2020,2020,12850322
Red Shoes,2021,2021,4744596
Reflection of You,2021,2021,14684086
Remarriage & Desires,2022,2022,15268768
Remember,2015,2016,3704050
Replay: The Moment,2021,2021,
Reply 1988,2015,2016,5182866
Reply 1994,2013,2013,3357586
Reply 1997,2012,2012,2782216
Reset,2014,2014,
Resurrection,2005,2005,
Return,2018,2018,5028340
Reunited Worlds,2017,2017,7056766
Reverse,2017,2018,9662414
Revolutionary Love,2017,2017,"7340800,20672648"
Revolutionary Sisters,2021,2021,14223138
Rich Man,2018,2018,8178468
Righteous Love,2014,2015,
Risky Romance,2018,2018,8523020
River Where the Moon Rises,2021,2021,13634686
Road No. 1,2010,2010,2429772
Robber,2008,2008,
Romance,2002,2002,
Romance Is a Bonus Book,2019,2019,9130542
Romance Town,2011,2011,6268176
Romance Zero,2009,2009,
Rooftop Prince,2012,2012,2401162
Rookie Historian Goo Hae-ryung,2019,2019,10406128
Rookie Cops,2022,2022,17473062
Room No. 9,2018,2018,8970084
Rose Mansion,2022,2022,21603486
Rosy Lovers,2014,2015,5204274
Royal Secret Agent,2020,2021,13400756
Royal Family,2011,2011,3215868
Ruby Ring,2013,2014,5839312
Ruby Ruby Love,2017,2017,6385770
Rugal,2020,2020,11769798
Ruler of Your Own World,2002,2002,0464778
Run,2020,2020,8633478
Run On,2020,2021,13271834
"Run, Jang-mi",2014,2015,5672194
Rustic Period,2002,2003,
Sad Love Story,2005,2005,
"Saimdang, Memoir of Colors",2017,2017,
Salamander Guru and The Shadows,2012,2012,
Salut D'Amour,1994,1995,
Sandglass,1995,1995,5742816
Sang Doo! Let's Go to School,2003,2003,
Sassy Girl Chun-hyang,2005,2005,0885941
Save Me,2017,2017,"7020532,6536644"
Save Me 2,2019,2019,
Save the Family,2015,2015,5690206
Save the Last Dance for Me,2004,2005,2476778
Say It with Your Eyes,2000,2001,
Scent of a Woman,2011,2011,3184724
School 2013,2012,2013,8737876
School 2017,2017,2017,7020608
School 2021,2021,2021,15140382
Who Are You: School 2015,2015,2015,5087824
Schoolgirl Detectives,2014,2015,
Search,2020,2020,13346648
Search: WWW,2019,2019,10253244
Second 20s,2015,2015,4984004
Second to Last Love,2016,2016,5904666
Secret,2000,2000,
Secret Affair,2014,2014,5309758
Secret Boutique,2019,2019,10850842
Secret Door,2014,2014,4141426
Secret Garden,2010,2011,1841321
Secret Healer,2016,2016,
Secret Love,2013,2013,
Secret Mother,2018,2018,8359472
Secret Queen Makers,2018,2018,8811050
Secret Royal Inspector & Joy,2021,2021,15181018
Secrets and Lies,2018,2019,8648666
Secrets of Women,2016,2016,5881446
Sell Your Haunted House,2021,2021,14223310
Semantic Error,2022,2022,17080956
Seoul 1945,2006,2006,6450598
"Seoyoung, My Daughter",2012,2013,
Sexi Mong,2007,2007,
SF8,2020,2020,12560244
Sharp,2003,2007,4277048
She Knows Everything,2020,2020,12538770
She Was Pretty,2015,2015,5045900
She Would Never Know,2021,2021,13446244
Shine or Go Crazy,2015,2015,4412610
Shining Romance,2013,2014,
Shopping King Louie,2016,2016,5994306
Short,2018,2018,"9059594,12579042"
Should We Kiss First?,2018,2018,7897044
Show Window: The Queen's House,2021,2021,
Sh**ting Stars,2022,2022,19881100
Sign,2011,2011,
Signal,2016,2016,5332206
Sin Don,2005,2006,
Single Dad in Love,2008,2008,5886906
Sisters of the Sea,2005,2006,
Sisters-in-Law,2017,2017,6144152
Sisyphus: The Myth,2021,2021,13715448
Six Flying Dragons,2015,2016,5079024
Sketch,2018,2018,"8269322,6872436"
Sky Castle,2018,2019,9151274
Smile Again,2006,2006,6141742
Smile Again,2010,2011,6141742
"Smile, Mom",2010,2011,5618562
"Smile, You",2009,2010,6289530
Snow Flower,2006,2007,6086416
Snowdrop,2021,2021,13304700
So I Married the Anti-fan,2021,2021,
So Not Worth It,2021,2021,13186480
Solomon's Perjury,2016,2017,6256616
Somebody,2022,2022,22479848
Someday,2006,2006,2448148
Something About 1%,2003,2003,0771623
Something About 1 Percent,2016,2016,
Something Happened in Bali,2004,2004,
Something in the Rain,2018,2018,8078816
Songgot: The Piercer,2015,2015,
Soul,2009,2009,
Soul Mechanic,2020,2020,12274220
Soundtrack 1,2022,2022,"18970038,21045898"
Special Affairs Team TEN,2011,2013,2323034
Special Labor Inspector,2019,2019,9894162
Splash Splash Love,2015,2015,5290026
Splendid Politics,2015,2015,4613620
Sponsor,2022,2022,18410084
Spotlight,2008,2008,6284106
Spring Day,2005,2005,0843176
Spring Turns to Spring,2019,2019,
Spy,2015,2015,3079380
Spy Myung-wol,2011,2011,5120734
Squad 38,2016,2016,5536856
Squid Game,2021,2021,10919420
Stained Glass,2004,2005,0499286
Stairway to Heaven,2003,2004,0457542
Standby,2012,2012,5890956
Star in My Heart,1997,1997,0280243
Stars Falling from the Sky,2010,2010,3246568
Start-Up,2020,2020,12867810
Star's Echo,2004,2004,10841802
Star's Lover,2008,2009,5476108
Steal Heart,2014,2014,"6794548,3897982"
Stealer: Seven Joseon Coins,2023,2023,
Still 17,2018,2018,8648696
Still You,2012,2012,2148836
Stranger,2017,2023,6461346
Strangers 6,2012,2012,1856523
Strong Girl Bong-soon,2017,2017,6263222
Strong Woman Gang Nam-soon,2023,2023,
Strongest Chil Woo,2008,2008,3211198
Strongest Deliveryman,2017,2017,7022748
Style,2009,2009,
Successful Story of a Bright Girl,2002,2002,0396350
Suits,2018,2018,8084058
Sungkyunkwan Scandal,2010,2010,2745682
Sunlight Pours Down,2004,2004,
Sunny Again Tomorrow,2018,2018,
Super Daddy Yeol,2015,2015,5120616
Super Junior Unbelievable Story,2008,2008,
Super Rookie,2005,2005,0883870
Surgeon Bong Dal-hee,2007,2007,3364834
Suspicious Partner,2017,2017,6720154
Swallow the Sun,2009,2009,1567718
Sweden Laundry,2014,2015,
Sweet 18,2004,2004,0499174
Sweet Buns,2004,2005,6201830
Sweet Enemy,2017,2017,7090762
Sweet Home,2020,2020,11612120
"Sweet Home, Sweet Honey",2015,2016,8421804
Sweet Munchies,2020,2020,12401208
Sweet Revenge,2017,2018,9552278
Sweet Revenge 2,2018,2018,
Sweet Spy,2005,2006,0805191
Sweet Stranger and Me,2016,2016,6075048
"Sweet, Savage Family",2015,2016,5210290
Switch,2018,2018,"8954732,9154566"
Syndrome,2012,2012,
Taejo Wang Geon,2000,2002,6133646
"Take Care of Us, Captain",2012,2012,3019384
Tale of Fairy,2018,2018,
Tale of the Nine Tailed,2020,2020,12879418
"Tamra, the Island",2009,2009,
Tasty Life,2012,2012,
Taxi Driver,2021,2021,13759970
Tazza,2008,2008,3246308
Team Bulldog: Off-Duty Investigation,2020,2020,12379076
Tears of Heaven,2014,2015,
Tears of the Dragon,1996,1998,
Tell Me What You Saw,2020,2020,11557904
Temperature of Love,2017,2017,7208182
Temptation,2014,2014,3173642
Temptation of an Angel,2009,2009,2468308
Temptation of Wife,2008,2009,2013075
Tempted,2018,2018,7923816
Terroir,2008,2009,11189244
Thank You,2007,2007,1765453
"That Winter, the Wind Blows",2013,2013,2806646
The 101st Proposal,2006,2006,
The Accidental Couple,2009,2009,2799100
The All-Round Wife,2021,2021,
The Banker,2019,2019,9889042
The Beauty Inside,2018,2018,"8801708,16114232"
The Birth of a Family,2012,2013,7099688
The Blade and Petal,2013,2013,3091664
The Bride of Habaek,2017,2017,6385752
The Chaser,2012,2012,3032596
The City Hall,2009,2009,
The Clinic for Married Couples: Love and War,1999,2009,
The Cursed,2020,2020,9253926
The Crowned Clown,2019,2019,9266592
The Dawn of the Empire,2002,2003,
The Devil,2007,2007,0292963
The Devil Judge,2021,2021,14169770
The Doctors,2016,2016,6186738
The Duo,2011,2011,5122716
The Eldest,2013,2014,
The Emperor: Owner of the Mask,2017,2017,6201920
The Empire,2022,2022,18268454
The End of the World,2013,2013,2139851
The Escape of the Seven,2023,2023,
The Fabulous,2022,2022,22373732
The Family is Coming,2015,2015,5486218
The Fiery Priest,2019,2019,9674954
The First Responders,2022,2022,
The Forbidden Marriage,2022,2022,
The Fugitive of Joseon,2013,2013,3528368
The Fugitive: Plan B,2010,2010,1807208
The Game: Towards Zero,2020,2020,11534210
The Gentlemen of Wolgyesu Tailor Shop,2016,2017,15578398
The Ghost Detective,2018,2018,8784636
The Glory,2022,2022,10825320
The Golden Garden,2019,2019,
The Golden Spoon,2022,2022,22248234
The Good Detective,2020,2020,12504214
The Good Wife,2016,2016,5786676
"The Great King, Sejong",2008,2008,
The Great Merchant,2010,2010,5520354
The Great Seer,2012,2013,2896416
The Great Shaman Ga Doo-shim,2021,2021,
The Great Show,2019,2019,10808904
The Greatest Love,2011,2011,2304406
The Greatest Marriage,2014,2014,5679600
The Guardians,2017,2017,4600952
The Guest,2018,2018,"7645780,8801670"
The Happy Loner,2017,2017,
The Heirs,2013,2013,
The Hymn of Death,2018,2018,
The Idle Mermaid,2014,2014,
The Idolmaster KR,2017,2017,
The Innocent Man,2012,2012,2593336
The Jingbirok: A Memoir of Imjin War,2015,2015,
The K2,2016,2016,5966882
The Killer's Shopping List,2022,2022,20192566
The King 2 Hearts,2012,2012,2346947
The King and I,2007,2008,6201056
The King and the Queen,1998,2000,
The King in Love,2017,2017,"15579764,20672648"
The King of Chudong Palace,1983,1983,
The King of Dramas,2012,2013,3543410
The King of Legend,2010,2011,
The King of Pigs,2022,2022,19818310
"The King of Tears, Lee Bang-won",2021,2022,16549178
The King: Eternal Monarch,2020,2020,11228748
The King's Affection,2021,2021,14609428
"The King's Daughter, Soo Baek-hyang",2013,2014,
The King's Doctor,2012,2013,
The King's Face,2014,2015,4275654
The Kingdom of the Winds,2008,2009,2819226
The Lady in Dignity,2017,2017,6898288
The Last Empress,2018,2019,9146104
The Last Match,1994,1994,0315684
The Law Cafe,2022,2022,"21827042,21998254"
The Legend,2007,2007,
The Legend of the Blue Sea,2016,2017,5766194
The Liar and His Lover,2017,2017,6422226
The Lies Within,2019,2019,10919902
The Light in Your Eyes,2019,2019,9466968
The Love Is Coming,2016,2016,
The Lover,2015,2015,1321869
The Man in the Mask,2015,2015,
The Master of Revenge,2016,2016,5674026
The Merchant,2001,2002,
The Merchant: Gaekju 2015,2015,2016,5110358
The Miracle,2013,2013,
The Miracle We Met,2018,2018,
The Missing,2015,2015,
The Most Beautiful Goodbye,2017,2017,7682966
The Musical,2011,2011,
The Mysterious Class,2021,2021,20426062
The Noblesse,2014,2014,
The One and Only,2021,2022,"4829936,14803246,16305030"
The Package,2017,2017,6257658
The Penthouse: War in Life,2020,2021,13067118
The President,2010,2011,
The Princess' Man,2011,2011,2495476
The Producers,2015,2015,"4612922,4462166,2544624"
The Promise,2016,2016,4776998
The Queen of Office,2013,2013,3375996
The Queen's Classroom,2013,2013,5476238
The Rebel,2017,2017,"4986134,6256694"
The Red Sleeve,2021,2021,16121614
The Reputable Family,2010,2010,6284020
The Return of Hwang Geum-bok,2015,2015,5688566
The Return of Iljimae,2009,2009,3179566
The Rich Son,2018,2018,
The Road Home,2009,2009,
The Road: The Tragedy of One,2021,2021,14687098
The Royal Gambler,2016,2016,5569038
The Running Mates: Human Rights,2019,2019,10826036
The Scandal,2013,2013,3144390
The Scholar Who Walks the Night,2015,2015,4846958
The School Nurse Files,2020,2020,12879522
The Second Husband,2021,2022,15286388
The Secret House,2022,2022,
The Secret Life of My Secretary,2019,2019,10101272
The Secret Lovers,2005,2005,"6280718,19638452"
The Secret of Birth,2013,2013,
The Secret of My Love,2017,2018,7480296
The Silent Sea,2021,2021,"11570202,14642910,23063658,23063658"
The Slave Hunters,2010,2010,"2980528,15360170,15360172,15360178"
The Slingshot,2009,2009,3543296
The Smile Has Left Your Eyes,2018,2018,8696768
The Snow Queen,2006,2007,2389644
The Sound of Magic,2021,2021,
The Sound of Your Heart,2016,2016,"4613520,6220704,6318408"
The Spies Who Loved Me,2020,2020,12867972
The Story of Kang-goo,2014,2014,
The Suspicious Housekeeper,2013,2013,3362414
The Tale of Nokdu,2019,2019,10808968
The Third Charm,2018,2018,8954026
The Third Hospital,2012,2012,2182614
The Thorn Birds,2011,2011,5110420
The Three Musketeers,2014,2014,4135176
The Three Witches,2015,2016,2637350
The Time,2018,2018,"6628394,8031422"
The Time We Were Not in Love,2015,2015,4817002
The Uncanny Counter,2020,2021,13273826
The Undateables,2018,2018,
The Vampire Detective,2016,2016,
The Veil,2021,2021,14482296
The Village: Achiara's Secret,2015,2015,5084004
The Vineyard Man,2006,2006,0983981
The Virtual Bride,2015,2015,
The Virus,2013,2013,3145496
The Wedding Scheme,2012,2012,6212902
The Wind Blows,2019,2019,10192474
The Witch's Diner,2021,2021,14596486
The Woman Who Still Wants to Marry,2010,2010,5478360
The World of the Married,2020,2020,12042964
The Worst Evil,2023,2023,
The Youngest Son of a Conglomerate,2022,2022,18352538
Thirty-Nine,2022,2022,
This Is My Love,2015,2015,
Thousand Years of Love,2003,2003,3205964
Three Bold Siblings,2022,2022,
Three Brothers,2009,2010,6289562
Queen of the Ring,2017,2017,"8023204,17594944,17594944,17594944"
Romance Full of Life,2017,2017,6212814
The Universe's Star,2017,2017,6212758
Three Days,2014,2014,2172934
Three Friends,2000,2001,
Three Sisters,2010,2010,
Thrice Married Woman,2013,2014,
Through the Darkness,2021,2021,"13655044,15908898,14018014"
Time Between Dog and Wolf,2007,2007,1559296
Times,2021,2021,"7462410,2382320,13138834"
To My Beloved,2012,2012,
To the Beautiful You,2012,2012,2191746
To. Jenny,2018,2018,"11192300,8320844"
Today's Webtoon,2022,2022,21222278
"Toji, the Land",2004,2005,2337302
Tokyo Sun Shower,2008,2008,
Tomorrow,2022,2022,18926162
Tomorrow Boy,2016,2016,10859942
"Tomorrow, with You",2017,2017,5994346
Top Management,2018,2018,9284162
Top Star U-back,2018,2019,
Touch,2020,2020,4016294
Touch Your Heart,2019,2019,9466990
Tracer,2022,2022,"16492732,20237208"
Train,2020,2020,11032374
Trap,2019,2019,5990444
Tree of Heaven,2006,2006,2479216
Triangle,2014,2014,4800298
Trio,2002,2003,
Triple,2009,2009,
Trolley,2022,2022,19823068
True Beauty,2020,2021,13274038
Tunnel,2017,2017,6356086
Twelve Nights,2018,2018,9072270
Twenty-Five Twenty-One,2022,2022,17513352
Twinkle Twinkle,2011,2011,5144762
Two Cops,2017,2018,7525432
Two Mothers,2014,2014,4993938
Two Outs in the Ninth Inning,2007,2007,
Two Weeks,2013,2013,2964526
Two Wives,2009,2009,
Two Women's Room,2013,2014,5690190
Ugly Alert,2013,2013,5478804
Ugly Miss Young-ae,2007,2019,
Unasked Family,2019,2020,11214392
Uncle,2021,2021,
Uncontrollably Fond,2016,2016,5764282
Under the Queen's Umbrella,2022,2022,22265394
Undercover,2021,2021,"12940504,13634530,8415986"
Understanding of Love,2022,2022,
Unframed,2021,2021,15548278
Unkind Ladies,2015,2015,4507478
Unknown Woman,2017,2017,7088016
Unlock the Boss,2022,2022,
Unstoppable Marriage,2007,2008,"2315142,1460640"
Until the Azalea Blooms,1998,1998,
Untouchable,2017,2018,"7598556,2265651,7741974"
Vagabond,2019,2019,8523042
Vampire Idol,2011,2012,2457406
Vampire Prosecutor,2011,2012,2368922
Vengeance of the Bride,2022,2022,
Vincenzo,2021,2021,13433812
VIP,2019,2019,11018750
Voice,2017,2023,6212854
W,2016,2016,5797194
Wang's Family,2014,2014,"12325948,15506610"
Want a Taste?,2019,2020,
Wanted,2016,2016,5193358
War of Money,2007,2007,1186911
Warm and Cozy,2015,2015,4686292
Warrior Baek Dong-soo,2011,2011,3052852
Was It Love?,2020,2020,"12525622,13032926,17052000,14141620,14193658,14458706,14193658"
Watcher,2019,2019,10405674
We Are Dating Now,2002,2002,2949498
We Broke Up,2015,2015,
Webtoon Hero Toondra Show,2015,2016,
Wedding,2005,2005,"0396269,0372532"
Wednesday 3:30 PM,2017,2017,7208348
Weightlifting Fairy Kim Bok-joo,2016,2017,6157148
Welcome,2020,2020,"11912196,10804786"
Welcome 2 Life,2019,2019,10579300
Welcome Rain to My Life,2012,2012,
Welcome to the Show,2011,2011,2669586
Welcome to Waikiki,2018,2018,
Welcome to Waikiki 2,2019,2019,
Welcome to Wedding Hell,2022,2022,20192096
West Palace,1995,1995,
What Happens to My Family?,2014,2015,15506892
What's for Dinner?,2009,2009,
What's Up,2011,2012,
What's Up Fox,2006,2006,3541132
What's Wrong with Secretary Kim,2018,2018,8242904
When a Man Falls in Love,2013,2013,
When I Was the Most Beautiful,2020,2020,12868038
When My Love Blooms,2020,2020,12358696
When the Camellia Blooms,2019,2019,10826064
When the Devil Calls Your Name,2019,2019,10015794
When the Weather Is Fine,2020,2020,"11535086,12332542"
When Women Powder Twice,2011,2012,5616980
Where Stars Land,2018,2018,8991740
Where Your Eyes Linger,2020,2020,12418132
Which Star Are You From,2006,2006,3973384
While You Were Sleeping,2011,2011,6256484
While You Were Sleeping,2017,2017,6256484
Whisper,2017,2017,
White Lie,2008,2009,
White Nights 3.98,1998,1998,16702478
Who Are You?,2008,2008,3184700
Who Are You?,2013,2013,3184700
Why Her,2022,2022,20852668
Wife Returns,2009,2010,"11754920,1879596"
Wild Romance,2012,2012,2265089
Will It Snow for Christmas?,2009,2010,
Witch at Court,2017,2017,
Witch Yoo Hee,2007,2007,
Witch's Love,2018,2018,8689936
Wok of Love,2018,2018,8236528
Woman of 9.9 Billion,2019,2020,10892802
"Woman of Matchless Beauty, Park Jung-geum",2008,2008,
Woman with a Suitcase,2016,2016,5994434
Women in the Sun,2008,2008,
Wonderful Days,2014,2014,5124680
Wonderful Life,2005,2005,0464626
Wonderful Mama,2013,2013,5147370
Woori the Virgin,2022,2022,20227130
"Work Later, Drink Now",2021,2021,15548198
Working Mom,2008,2008,6452074
Working Mom Parenting Daddy,2016,2016,6450792
Worlds Within,2008,2008,1326911
Wuri's Family,2001,2002,
XX,2020,2020,
Yeon Gaesomun,2006,2007,
Yeonnam-dong 539,2018,2018,7794296
YG Future Strategy Office,2018,2018,8129694
Yonder,2022,2022,22882128
Yong-pal,2015,2015,5010664
You and I,1997,1998,5229140
You Are a Gift,2016,2016,6898470
You Are My Destiny,2008,2009,6761574
You Are My Destiny,2014,2014,6761574
You Are My Spring,2021,2021,14169816
You Are the Best!,2013,2013,3250818
You Are the Boss!,2013,2013,
You Are the Only One,2014,2015,5690240
You Are Too Much,2017,2017,"17497922,18182324,18182394,18182394"
You Don't Know Women,2017,2017,
You Drive Me Crazy,2018,2018,8333254
You're All Surrounded,2014,2014,3693428
You're Beautiful,2009,2009,
You're Only Mine,2014,2014,
Young Lady and Gentleman,2021,2022,15514606
Your Honor,2018,2018,8586046
Your House Helper,2018,2018,8487888
Your Lady,2013,2013,5690238
Your Neighbor's Wife,2013,2013,6352840
Your Scene,2007,2007,
Youth,2021,2021,14166666
Youth of May,2021,2021,14166666
Yumi's Cells,2021,2022,14596630
Zombie Detective,2020,2020,12937604
